[
    {
        "restaurantId":"6143001fd21f4f4b0d767cdd",
        "itemPrice":87,
        "itemName":"Gobi Manchuiran",
        "itemDescription":"Deep Fried Caulci flower flores tosted in pungent spieces",
        "isVeg":false,
        "restaurantName":"Gulab"
    },
    {
        "restaurantId":"6143001fd21f4f4b0d767cdd",
        "itemPrice":49,
        "itemName":"Lemnon Rice",
        "itemDescription":"Deep Fried Caulci flower flores tosted in pungent spieces",
        "isVeg":true,
        "restaurantName":"Gulab"
    },
    {
        "restaurantId":"6143001fd21f4f4b0d767cdd",
        "itemPrice":166,
        "itemName":"Chicken Rice Fried",
        "itemDescription":"Deep Fried Caulci flower flores tosted in pungent spieces",
        "isVeg":false,
        "restaurantName":"Gulab"
    },
    {
        "restaurantId":"6143001fd21f4f4b0d767cdd",
        "itemPrice":222,
        "itemName":"Mutton Fried Thandhoui",
        "itemDescription":"Deep Fried Caulci flower flores tosted in pungent spieces",
        "isVeg":false,
        "restaurantName":"Gulab"
    },






    {
        "restaurantId":"6143001fd21f4f4b0d767cdb",
        "itemPrice":123,
        "itemName":"Mutton Thandhouri",
        "itemDescription":"Deep Fried Caulci flower flores tosted in pungent spieces",
        "isVeg":false,
        "restaurantName":"Gulab"
    },
    {
        "restaurantId":"6143001fd21f4f4b0d767cdb",
        "itemPrice":44,
        "itemName":"Curd Rice",
        "itemDescription":"Deep Fried Caulci flower flores tosted in pungent spieces",
        "isVeg":true,
        "restaurantName":"Gulab"
    }, {
        "restaurantId":"6143001fd21f4f4b0d767cdb",
        "itemPrice":183,
        "itemName":"Chicken Biryani",
        "itemDescription":"Deep Fried Caulci flower flores tosted in pungent spieces",
        "isVeg":false,
        "restaurantName":"Food Adda"
    }, {
        "restaurantId":"6143001fd21f4f4b0d767cdb",
        "itemPrice":138,
        "itemName":"Lug Bug chicken",
        "itemDescription":"Deep Fried Caulci flower flores tosted in pungent spieces",
        "isVeg":false,
        "restaurantName":"Food Adda"
    },
    {
        "restaurantId":"6143001fd21f4f4b0d767cdc",
        "itemPrice":99,
        "itemName":"Chicken Fried Curry",
        "itemDescription":"Deep Fried Caulci flower flores tosted in pungent spieces",
        "isVeg":false,
        "restaurantName":"Food Adda"
    },
    {
        "restaurantId":"6143001fd21f4f4b0d767cdc",
        "itemPrice":94,
        "itemName":"Chicken Rice",
        "itemDescription":"Deep Fried Caulci flower flores tosted in pungent spieces",
        "isVeg":false,
        "restaurantName":"Food Adda"
    },
    {
        "restaurantId":"6143001fd21f4f4b0d767cdc",
        "itemPrice":159,
        "itemName":"Mutton Fried Curry",
        "itemDescription":"Deep Fried Caulci flower flores tosted in pungent spieces",
        "isVeg":false,
        "restaurantName":"Food Adda"
    },
    {
        "restaurantId":"6143001fd21f4f4b0d767cdc",
        "itemPrice":139,
        "itemName":"Egg Fried Curry",
        "itemDescription":"Deep Fried Caulci flower flores tosted in pungent spieces",
        "isVeg":false,
        "restaurantName":"Apna Punjab"
    },



    {
        "restaurantId":"6143001fd21f4f4b0d767cde",
        "itemPrice":199,
        "itemName":"Egg Fried Rice",
        "itemDescription":"Deep Fried Caulci flower flores tosted in pungent spieces",
        "isVeg":false,
        "restaurantName":"Apna Punjab"
    },
    
    {
        "restaurantId":"6143001fd21f4f4b0d767cde",
        "itemPrice":69,
        "itemName":"Tomato Rice",
        "itemDescription":"Deep Fried Caulci flower flores tosted in pungent spieces",
        "isVeg":true,
        "restaurantName":"Apna Punjab"
    },
    
    {
        "restaurantId":"6143001fd21f4f4b0d767cde",
        "itemPrice":199,
        "itemName":"Mutton Thandhori",
        "itemDescription":"Deep Fried Caulci flower flores tosted in pungent spieces",
        "isVeg":false,
        "restaurantName":"Apna Punjab"
    }
   
]